{
   "name": "PostgreSQL_Faker",
   "abstract": "Fake Data Generator for Postgres",
   "description": "This extension is a wrapper around the Python Faker library",
   "version": "0.4.0",
   "maintainer": [
      "Damien Clochard <daamien@gmail.com>"
   ],
   "license": {
      "PostgreSQL": "https://gitlab.com/dalibo/postgresql_faker/blob/master/LICENSE.md"
   },
   "prereqs": {
      "runtime": {
         "requires": {
            "PostgreSQL": "9.6.0"
          }
      }
   },
   "provides": {
     "faker": {
       "file": "faker.sql",
       "docfile": "README.md",
       "version": "0.4.0",
       "abstract": "Fake Data Generator for Postgres"
     }
   },
   "resources": {
      "homepage": "https://gitlab.com/dalibo/postgresql_faker",
      "bugtracker": {
         "web": "https://gitlab.com/dalibo/postgresql_faker/issues"
      },
      "repository": {
        "url":  "https://gitlab.com/dalibo/postgresql_faker.git",
        "web":  "https://gitlab.com/dalibo/postgresql_faker",
        "type": "git"
      }
   },
   "generated_by": "Damien Clochard",
   "meta-spec": {
      "version": "1.0.0",
      "url": "http://pgxn.org/meta/spec.txt"
   },
   "tags": [
      "Data Anonymization, Faking, Mocking, Masking, GDPR"
   ]
}
